{"clipDataList":[{"name":"Ani3D_Whitetipshark_Normal_SwimTurn_A_01","length":1.3333333730697632,"frameCount":40,"amount":0.4444444477558136,"offset":0.0},{"name":"Interval","length":1.0,"frameCount":5,"amount":0.0555555559694767,"offset":0.4444444477558136},{"name":"Interval","length":1.0,"frameCount":5,"amount":0.0555555559694767,"offset":0.5},{"name":"Ani3D_Whitetipshark_Normal_Sprint_A_01","length":1.3333333730697632,"frameCount":40,"amount":0.4444444477558136,"offset":0.5555555820465088}]}