{"clipDataList":[{"name":"Attack","length":0.6250002384185791,"frameCount":15,"amount":0.34090909361839297,"offset":0.0},{"name":"Interval","length":1.0,"frameCount":5,"amount":0.11363636702299118,"offset":0.34090909361839297},{"name":"Interval","length":1.0,"frameCount":5,"amount":0.11363636702299118,"offset":0.4545454680919647},{"name":"Swimming","length":0.7916666865348816,"frameCount":19,"amount":0.4318181872367859,"offset":0.5681818127632141}]}